iter	RMSE
0	3.62357877
1	3.227806022
2	3.052234976
3	2.976855954
4	2.903436898
5	2.885163616
6	2.86082811
7	2.853805435
8	2.845325092
9	2.839753653
